time,open,high,low,close,MA,Plot,Plot,Plot,Plot,Plot,Plot,Shapes,Shapes,Shapes,Shapes,Shapes,Shapes,Shapes,Shapes,Shapes,Shapes,Shapes,Shapes,Shapes,Shapes,Shapes,Shapes,Shapes,Shapes,Shapes,Shapes,MA,RSI,RSI-based MA,Regular Bullish,Regular Bullish Label,Regular Bearish,Regular Bearish Label
1770868980,6962.59,6963.11,6962.35,6962.84,6951.785649999968,6963.11,6945.46,,,,,0,0,0,0,0,0,0,0,0,0,0,0,0,0,0,0,0,0,0,0,6951.40900000002,70.30736993700229,71.71123022567632,,,,
1770869160,6962.84,6963.35,6961.34,6961.34,6951.864649999969,6963.35,6945.46,,,,,0,0,0,0,0,0,0,0,0,0,0,0,0,0,0,0,0,0,0,0,6951.55880000002,46.24252213785155,71.28259747896674,,,,
1770869340,6961.34,6962.72,6961.34,6962.72,6951.954299999969,6963.35,6945.46,,,,,0,0,0,0,0,0,0,0,0,0,0,0,0,0,0,0,0,0,0,0,6951.73250000002,60.68581363131945,70.36835814784072,,,,
1770869520,6962.72,6963.11,6962.34,6962.86,6952.027149999968,6963.35,6945.46,,,,,0,0,0,0,0,0,0,0,0,0,0,0,0,0,0,0,0,0,0,0,6951.912700000021,61.89746290136158,69.23309762862046,,,,
1770869700,6962.86,6965.86,6962.34,6964.34,6952.088749999969,6965.86,6945.46,,,,,0,0,0,0,0,0,0,0,0,0,0,0,0,0,0,0,0,0,0,0,6952.090100000021,72.39164564710397,68.4616282365073,,,,
1770869880,6964.34,6964.86,6963.59,6964.86,6952.175349999968,6965.86,6945.46,,,,,0,0,0,0,0,0,0,0,0,0,0,0,0,0,0,0,0,0,0,0,6952.26510000002,75.19235872459177,68.12425514870661,,,,
1770870060,6964.86,6966.86,6964.85,6966.11,6952.236999999968,6966.86,6945.46,,,,,0,0,0,0,0,0,0,0,0,0,0,0,0,0,0,0,0,0,0,0,6952.4602000000195,80.68692075099003,68.65097915876065,,,,
1770870240,6966.11,6968.36,6965.84,6968.11,6952.264949999967,6968.36,6945.46,,,,,0,0,0,0,0,0,0,0,0,0,0,0,0,0,0,0,0,0,0,0,6952.69770000002,86.33613404308521,69.26786811357628,,,,
1770870420,6968.11,6968.11,6967.1,6967.85,6952.3002499999675,6968.36,6945.46,,,,,0,0,0,0,0,0,0,0,0,0,0,0,0,0,0,0,0,0,0,0,6952.947600000019,82.66865643427198,69.63341771565366,,,,
1770870600,6967.85,6967.85,6964.73,6965.09,6952.341799999968,6968.36,6945.46,,,,,0,0,0,0,0,0,0,0,0,0,0,0,0,0,0,0,0,0,0,0,6953.190000000019,54.1703505840653,68.74894820310188,,,,
1770870780,6965.09,6965.61,6964.34,6964.84,6952.379549999967,6968.36,6945.46,,,,,0,0,0,0,0,0,0,0,0,0,0,0,0,0,0,0,0,0,0,0,6953.445000000019,52.26630357449549,67.60680525332367,,,,
1770870960,6964.84,6964.86,6964.1,6964.61,6952.414999999967,6968.36,6945.46,,,,,0,0,0,0,0,0,0,0,0,0,0,0,0,0,0,0,0,0,0,0,6953.672700000019,50.36614709564878,66.19181689012223,,,,
1770871140,6964.61,6964.85,6963.59,6964.09,6952.438999999967,6968.36,6945.46,,,,,0,0,0,0,0,0,0,0,0,0,0,0,0,0,0,0,0,0,0,0,6953.885100000019,45.95897312858293,64.7923772077982,,,,
1770871320,6964.09,6964.36,6963.35,6963.61,6952.446949999967,6968.36,6945.46,,,,,0,0,0,0,0,0,0,0,0,0,0,0,0,0,0,0,0,0,0,0,6954.092700000017,42.001058824271006,62.94083695818865,,,,
1770871500,6963.61,6964.86,6963.35,6964.85,6952.465999999968,6968.36,6945.46,,,,,0,0,0,0,0,0,0,0,0,0,0,0,0,0,0,0,0,0,0,0,6954.2978000000185,53.952698514344014,61.772646142284486,,,,
1770871680,6964.85,6965.61,6964.6,6965.6,6952.491349999967,6968.36,6945.46,,,,,0,0,0,0,0,0,0,0,0,0,0,0,0,0,0,0,0,0,0,0,6954.525300000019,59.79840585863182,62.740923550911646,,,,
1770871860,6965.6,6966.11,6964.61,6965.1,6952.520449999966,6968.36,6945.46,,,,,0,0,0,0,0,0,0,0,0,0,0,0,0,0,0,0,0,0,0,0,6954.756500000019,54.42458097922103,62.29369264719033,,,,
1770872040,6965.1,6965.11,6964.11,6965.11,6952.5733999999675,6968.36,6945.46,,,,,0,0,0,0,0,0,0,0,0,0,0,0,0,0,0,0,0,0,0,0,6954.9867000000195,54.51994655930033,61.766727194185954,,,,
1770872220,6965.11,6965.96,6964.96,6965.09,6952.637399999967,6968.36,6945.46,,,,,0,0,0,0,0,0,0,0,0,0,0,0,0,0,0,0,0,0,0,0,6955.211700000019,54.25504901634444,60.471256006274565,,,,
1770872400,6965.09,6967.36,6965.09,6967.11,6952.715349999968,6968.36,6945.46,,,,,0,0,0,0,0,0,0,0,0,0,0,0,0,0,0,0,0,0,0,0,6955.444200000019,70.90978135505556,60.16535762273628,,,,
1770872580,6967.11,6967.86,6966.61,6967.61,6952.811949999967,,,,,,,0,0,0,0,0,0,0,0,0,0,0,0,0,0,0,0,0,0,0,0,6955.66930000002,73.67729881280245,59.664670341437166,,,,
1770872760,6967.61,6968.11,6967.1,6967.35,6952.913599999967,,,,,,,0,0,0,0,0,0,0,0,0,0,0,0,0,0,0,0,0,0,0,0,6955.9242000000195,69.65700044177815,58.47330365562952,,,,
1770872940,6967.35,6967.84,6966.84,6967.11,6953.033949999967,,,,,,,0,0,0,0,0,0,0,0,0,0,0,0,0,0,0,0,0,0,0,0,6956.181800000019,65.79088344717769,57.26774844226565,,,,
1770873120,6967.11,6967.84,6966.85,6967.84,6953.168049999967,,,,,,,0,0,0,0,0,0,0,0,0,0,0,0,0,0,0,0,0,0,0,0,6956.441600000019,71.41989837143124,58.49985899850607,,,,
1770873300,6967.84,6967.98,6967.36,6967.86,6953.272149999967,,,,,,,0,0,0,0,0,0,0,0,0,0,0,0,0,0,0,0,0,0,0,0,6956.694100000019,71.56942896225283,59.878653669060164,,,,
1770873480,6967.86,6969.34,6967.86,6968.86,6953.3975999999675,,,,,,,0,0,0,0,0,0,0,0,0,0,0,0,0,0,0,0,0,0,0,0,6956.969200000018,78.21744306836108,61.86803195282533,,,,
1770873660,6968.86,6969.35,6967.59,6967.6,6953.505449999968,,,,,,,0,0,0,0,0,0,0,0,0,0,0,0,0,0,0,0,0,0,0,0,6957.246800000018,58.208981937340106,62.74303258202227,,,,
1770873840,6967.6,6967.86,6967.09,6967.36,6953.609549999968,,,,,,,0,0,0,0,0,0,0,0,0,0,0,0,0,0,0,0,0,0,0,0,6957.514400000018,55.07803302337766,63.67710216767274,,,,
1770874020,6967.36,6967.61,6966.84,6967.09,6953.682299999968,,,,,,,0,0,0,0,0,0,0,0,0,0,0,0,0,0,0,0,0,0,0,0,6957.7717000000175,51.446100652624466,63.498059463264205,,,,
1770874200,6967.09,6967.11,6966.09,6966.59,6953.767649999968,,,,,,,0,0,0,0,0,0,0,0,0,0,0,0,0,0,0,0,0,0,0,0,6958.009000000019,45.03073523564804,62.4432258473368,,,,
1770874380,6966.59,6966.86,6966.09,6966.09,6953.855499999968,,,,,,,0,0,0,0,0,0,0,0,0,0,0,0,0,0,0,0,0,0,0,0,6958.206500000018,39.311530109970924,61.363722213818924,,,,
1770874560,6966.09,6966.86,6965.84,6965.86,6953.928399999968,,,,,,,0,0,0,0,0,0,0,0,0,0,0,0,0,0,0,0,0,0,0,0,6958.391500000019,36.803026171776764,60.098227900424384,,,,
1770874740,6965.86,6967.6,6965.86,6967.59,6954.028749999969,,,,,,,0,0,0,0,0,0,0,0,0,0,0,0,0,0,0,0,0,0,0,0,6958.599000000017,59.48817737723664,60.47202278334526,,,,
1770874920,6967.59,6968.71,6966.86,6967.11,6954.120349999967,,,,,,,0,0,0,0,0,0,0,0,0,0,0,0,0,0,0,0,0,0,0,0,6958.776600000017,53.29550759404432,59.213860371844454,,,,
1770875100,6967.11,6967.85,6966.98,6967.34,6954.205599999968,,,,,,,0,0,0,0,0,0,0,0,0,0,0,0,0,0,0,0,0,0,0,0,6958.966600000018,55.86397391409194,57.94148002193656,,,,
1770875280,6967.34,6967.86,6967.34,6967.85,6954.295949999968,,,,,,,0,0,0,0,0,0,0,0,0,0,0,0,0,0,0,0,0,0,0,0,6959.156700000017,61.36102691252186,57.34891048413254,,,,
1770875460,6967.85,6967.85,6966.34,6966.59,6954.3650499999685,,,,,,,0,0,0,0,0,0,0,0,0,0,0,0,0,0,0,0,0,0,0,0,6959.336700000017,45.1518927852864,55.87469686542602,,,,
1770875640,6966.59,6967.85,6966.59,6966.61,6954.427299999969,,,,,,,0,0,0,0,0,0,0,0,0,0,0,0,0,0,0,0,0,0,0,0,6959.514300000017,45.418895548777954,54.01748237809364,,,,
1770875820,6966.61,6967.61,6965.84,6967.61,6954.50519999997,,,,,,,0,0,0,0,0,0,0,0,0,0,0,0,0,0,0,0,0,0,0,0,6959.701800000017,57.490324773952025,53.011832078929295,,,,
1770876000,6967.61,6967.86,6965.34,6965.6,6954.570549999969,,,,,,,0,0,0,1,0,0,0,0,0,0,0,0,0,1,0,0,0,0,0,0,6959.869300000017,37.85665573888606,50.12891869825251,,,,
1770876180,6965.6,6965.61,6964.35,6965.34,6954.642099999969,,,,,,,0,0,0,0,0,0,0,0,0,0,0,0,0,0,0,0,0,0,0,0,6960.039300000016,36.00121153043744,48.54264938347375,,,,
1770876360,6965.34,6965.34,6963.86,6964.36,6954.700049999969,,,,,,,0,0,0,0,0,0,0,0,0,0,0,0,0,0,0,0,0,0,0,0,6960.196900000015,29.61773803854875,46.7240568845574,,,,
1770876540,6964.36,6965.59,6964.36,6964.86,6954.761699999969,,,,,,,0,0,0,0,0,0,0,0,0,0,0,0,0,0,0,0,0,0,0,0,6960.334600000016,36.33694665850059,45.644831599262844,,,,
1770876720,6964.86,6968.11,6964.86,6966.59,6954.806949999969,,,,,,,0,0,0,0,0,0,0,0,0,0,0,0,0,0,0,0,0,0,0,0,6960.493400000015,54.04616975925108,46.28879120809163,,,,
1770876900,6966.59,6967.97,6965.59,6965.6,6954.840999999969,,,,,,,0,0,0,0,0,0,0,0,0,0,0,0,0,0,0,0,0,0,0,0,6960.685900000015,45.58106405427291,46.73661506125605,,,,
1770877080,6965.6,6965.98,6962.59,6963.35,6954.861399999969,,,,,,,0,0,0,0,0,0,0,0,0,0,0,0,0,0,0,0,0,0,0,0,6960.860800000015,32.20594569234842,46.40825216986832,,,,
1770877260,6963.35,6963.6,6962.09,6962.72,6954.869899999969,,,,,,,0,0,0,0,0,0,0,0,0,0,0,0,0,0,0,0,0,0,0,0,6961.014500000015,29.388855987784552,44.25830064205031,,,,
1770877440,6962.72,6964.71,6962.59,6963.86,6954.875299999969,,,,,,,0,0,0,0,0,0,0,0,0,0,0,0,0,0,0,0,0,0,0,0,6961.147200000015,40.395496589195034,43.33687128456108,,,,
1770877620,6963.86,6964.86,6963.34,6963.86,6954.883799999969,,,,,,,0,0,0,0,0,0,0,0,0,0,0,0,0,0,0,0,0,0,0,0,6961.264700000015,40.395496589195034,42.23198004706844,,,,
1770877800,6963.86,6966.09,6960.84,6962.36,6954.890499999969,,,,,,,0,0,0,0,0,0,0,0,0,0,0,0,0,0,0,0,0,0,0,0,6961.362400000015,31.579573618636346,40.104733383219475,,,,
1770877980,6962.36,6962.73,6958.6,6959.36,6954.875899999968,,,,,,,0,0,0,0,0,0,0,0,0,0,0,0,0,0,0,0,0,0,0,0,6961.401400000015,20.924333287774104,38.37419341911146,,,,
1770878160,6959.36,6961.09,6958.84,6959.85,6954.861249999969,,,,,,,0,0,0,0,0,0,0,0,0,0,0,0,0,0,0,0,0,0,0,0,6961.418800000017,25.701378574593605,36.965799349526854,,,,
1770878340,6959.85,6960.61,6958.85,6959.21,6954.8571999999685,,,,,,,0,0,0,0,0,0,0,0,0,0,0,0,0,0,0,0,0,0,0,0,6961.443700000016,23.53487652652221,34.540410188996155,,,,
1770878520,6959.21,6959.36,6957.84,6958.6,6954.841249999969,,,,,,,0,0,0,0,0,0,0,0,0,0,0,0,0,0,0,0,0,0,0,0,6961.461100000015,21.517906892421905,33.373356699963004,,,,
1770878700,6958.6,6959.86,6957.84,6958.86,6954.849099999968,,,,,,,0,0,0,0,0,0,0,0,0,0,0,0,0,0,0,0,0,0,0,0,6961.486300000015,24.725828327449534,32.567972185463866,,,,
1770878880,6958.86,6960.86,6958.59,6960.6,6954.874399999968,,,,,,,0,0,0,0,0,0,0,0,0,0,0,0,0,0,0,0,0,0,0,0,6961.536400000015,42.9367631241329,33.51933112014844,,,,
1770879060,6960.6,6961.36,6959.72,6961.1,6954.907199999969,,,,,,,0,0,0,0,0,0,0,0,0,0,0,0,0,0,0,0,0,0,0,0,6961.593900000015,47.21772996686063,34.29652992788844,,,,
1770879240,6961.1,6961.11,6960.34,6960.84,6954.942499999968,,,,,,,0,0,0,0,0,0,0,0,0,0,0,0,0,0,0,0,0,0,0,0,6961.646200000015,45.162259432305774,33.66196490453521,,,,
1770879420,6960.84,6962.11,6960.84,6961.59,6954.98159999997,,,,,,,0,0,0,0,0,0,0,0,0,0,0,0,0,0,0,0,0,0,0,0,6961.703600000016,52.16948240257316,34.13256621512808,,,,
1770879600,6961.59,6963.35,6960.85,6962.11,6955.02074999997,,,6963.35,6960.85,,,0,0,0,0,0,0,0,0,0,0,0,0,0,0,0,0,0,0,0,0,6961.783600000016,56.65015118510455,35.8785808931821,,,,
1770879780,6962.11,6965.1,6961.59,6964.11,6955.0674499999695,,,6965.1,6960.85,,,0,0,0,0,0,0,0,0,0,0,0,0,0,0,0,0,0,0,0,0,6961.877400000015,69.47946325736358,38.74219569815203,,,,
1770879960,6964.11,6964.61,6961.85,6962.47,6955.118399999969,,,6965.1,6960.85,,,0,0,0,0,0,0,0,0,0,0,0,0,0,0,0,0,0,0,0,0,6961.937300000015,54.14868124661763,39.724566030825066,,,,
1770880140,6962.47,6963.11,6961.98,6962.34,6955.16614999997,,,6965.1,6960.85,,,0,0,0,0,0,0,0,0,0,0,0,0,0,0,0,0,0,0,0,0,6962.008400000015,53.065829247173475,40.62958979210924,,,,
1770880320,6962.34,6964.36,6962.09,6963.6,6955.222799999969,,,6965.1,6960.85,,,0,0,0,0,0,0,0,0,0,0,0,0,0,0,0,0,0,0,0,0,6962.105800000015,61.72165253280081,42.78259542883527,,,,
1770880500,6963.6,6964.86,6962.84,6964.23,6955.28129999997,,,6965.1,6960.85,,,0,0,0,0,0,0,0,0,0,0,0,0,0,0,0,0,0,0,0,0,6962.224700000015,65.43968917951577,45.96226370681682,,,,
1770880680,6964.23,6964.86,6963.59,6963.85,6955.340449999971,,,6965.1,6960.85,,,0,0,0,0,0,0,0,0,0,0,0,0,0,0,0,0,0,0,0,0,6962.327200000015,61.25293713705208,48.50166074699242,,,,
1770880860,6963.85,6965.11,6963.1,6964.6,6955.40324999997,,,6965.11,6960.85,,,0,0,0,0,0,0,0,0,0,0,0,0,0,0,0,0,0,0,0,0,6962.439800000015,66.22818648888082,51.5511828871609,,,,
1770881040,6964.6,6968.11,6964.59,6966.86,6955.481099999971,,,6968.11,6960.85,,,0,0,0,0,0,0,0,0,0,0,0,0,0,0,0,0,0,0,0,0,6962.567400000015,76.73170143258248,55.49502535431522,,,,
1770881220,6966.86,6966.86,6965.84,6966.6,6955.5789999999715,,,6968.11,6960.85,,,0,0,0,0,0,0,0,0,0,0,0,0,0,0,0,0,0,0,0,0,6962.705000000014,73.65697927294381,58.99010756470767,,,,
1770881400,6966.6,6967.6,6966.09,6966.84,6955.680599999972,,,6968.11,6960.85,,,0,0,0,0,0,0,0,0,0,0,0,0,0,0,0,0,0,0,0,0,6962.8349000000135,74.74674488402745,61.26224911898585,,,,
1770881580,6966.84,6967.36,6966.59,6967.35,6955.794749999972,,,6968.11,6960.85,,,0,0,0,0,0,0,0,0,0,0,0,0,0,0,0,0,0,0,0,0,6962.987400000015,77.09577630550284,63.396395286031726,,,,
1770881760,6967.35,6968.11,6966.71,6967.61,6955.896399999971,,,6968.11,6960.85,,,0,0,0,0,0,0,0,0,0,0,0,0,0,0,0,0,0,0,0,0,6963.127400000015,78.29652126346737,65.76312827397183,,,,
1770881940,6967.61,6967.84,6966.35,6967.34,6955.979199999972,,,6968.11,6960.85,,,0,0,0,0,0,0,0,0,0,0,0,0,0,0,0,0,0,0,0,0,6963.268700000015,73.62055379613321,67.29534765922612,,,,
1770882120,6967.34,6968.09,6965.59,6965.85,6956.060849999972,,,6968.11,6960.85,,,0,0,0,0,0,0,0,0,0,0,0,0,0,0,0,0,0,0,0,0,6963.401300000015,53.17476441599617,67.04710574714696,,,,
1770882300,6965.85,6966.6,6964.85,6965.34,6956.136199999972,,,6968.11,6960.85,,,0,0,0,0,0,0,0,0,0,0,0,0,0,0,0,0,0,0,0,0,6963.523800000015,47.86633908411164,65.50331116334324,,,,
1770882480,6965.34,6966.61,6965.34,6966.21,6956.227099999972,,,6968.11,6960.85,,,0,0,0,0,0,0,0,0,0,0,0,0,0,0,0,0,0,0,0,0,6963.639900000015,56.507471517884305,65.67179618271943,,,,
1770882660,6966.21,6966.35,6965.11,6965.61,6956.288799999971,,,6968.11,6960.85,,,0,0,0,0,0,0,0,0,0,0,0,0,0,0,0,0,0,0,0,0,6963.749900000015,49.85828438095464,65.44268583513238,,,,
1770882840,6965.61,6967.34,6965.48,6967.1,6956.379149999972,,,6968.11,6960.85,,,0,0,0,0,0,0,0,0,0,0,0,0,0,0,0,0,0,0,0,0,6963.857300000015,62.60630747531162,65.50587547388315,,,,
1770883020,6967.1,6967.36,6966.35,6966.84,6956.493899999971,,,6968.11,6960.85,,,0,0,0,0,0,0,0,0,0,0,0,0,0,0,0,0,0,0,0,0,6963.957100000016,59.5253919879931,65.08342567448867,,,,
1770883200,6966.84,6969.86,6966.84,6967.61,6956.604499999971,,,6969.86,6960.85,,,0,0,0,0,0,0,0,0,0,0,0,0,0,0,0,0,0,0,0,0,6964.049800000016,65.40720849291884,65.38015934276487,,,,
1770883380,6967.61,6968.86,6966.34,6966.84,6956.699999999971,,,6969.86,6960.85,,,0,0,0,0,0,0,0,0,0,0,0,0,0,0,0,0,0,0,0,0,6964.137300000015,55.92552078930678,64.64425464993816,,,,
1770883560,6966.84,6970.11,6966.09,6969.36,6956.79944999997,,,6970.11,6960.85,,,0,0,0,0,0,0,0,0,0,0,0,0,0,0,0,0,0,0,0,0,6964.255000000016,71.62889287962972,64.27976832472724,,,,
1770883740,6969.36,6969.86,6966.11,6967.35,6956.888799999971,,,6970.11,6960.85,,,0,0,0,0,0,0,0,0,0,0,0,0,0,0,0,0,0,0,0,0,6964.342500000014,53.79364927867078,62.86095903942203,,,,
1770883920,6967.35,6967.59,6964.34,6966.34,6956.981899999971,,,6970.11,6960.85,,,0,0,0,0,0,0,0,0,0,0,0,0,0,0,0,0,0,0,0,0,6964.424800000013,46.94159554475401,60.87487694375964,,,,
1770884100,6966.34,6968.59,6965.84,6967.1,6957.065049999971,,,6970.11,6960.85,,,0,0,0,0,0,0,0,0,0,0,0,0,0,0,0,0,0,0,0,0,6964.514700000015,52.277985183508015,59.10217757790286,,,,
1770884280,6967.1,6968.11,6965.34,6965.61,6957.146899999971,,,6970.11,6960.85,,,0,0,0,0,0,0,0,0,0,0,0,0,0,0,0,0,0,0,0,0,6964.594900000015,42.500871817883,56.54534547464683,,,,
1770884460,6965.61,6966.09,6964.34,6965.11,6957.233749999971,,,6970.11,6960.85,,,0,0,0,0,0,0,0,0,0,0,0,0,0,0,0,0,0,0,0,0,6964.669900000015,39.601313014963175,54.11539970456325,,,,
1770884640,6965.11,6966.22,6963.61,6965.61,6957.318099999971,,,6970.11,6960.85,,,0,0,0,0,0,0,0,0,0,0,0,0,0,0,0,0,0,0,0,0,6964.754900000016,44.05426350953598,53.463935354101814,,,,
1770884820,6965.61,6966.36,6963.34,6964.35,6957.3873999999705,,,6970.11,6960.85,,,0,0,0,0,0,0,0,0,0,0,0,0,0,0,0,0,0,0,0,0,6964.800000000017,36.20637618274221,52.631080861146856,,,,
1770885000,6964.35,6965.6,6960.84,6961.84,6957.44039999997,,,6970.11,6960.84,,,0,0,0,0,0,0,0,0,0,0,0,0,0,0,0,0,0,0,0,0,6964.809800000016,25.605391612774,50.423789439353264,,,,
1770885180,6961.84,6962.61,6960.72,6962.59,6957.5009499999705,,,6970.11,6960.72,,,0,0,0,0,0,0,0,0,0,0,0,0,0,0,0,0,0,0,0,0,6964.809800000015,32.49553088706469,49.18359276121827,,,,
1770885360,6962.59,6962.61,6960.61,6961.11,6957.55039999997,,,6970.11,6960.61,,,0,0,0,0,0,0,0,0,0,0,0,0,0,0,0,0,0,0,0,0,6964.797500000015,26.784469489239115,46.62489004792739,,,,
1770885540,6961.11,6962.46,6960.09,6962.34,6957.61094999997,,,6970.11,6960.09,,,0,0,0,0,0,0,0,0,0,0,0,0,0,0,0,0,0,0,0,0,6964.802400000015,37.44429930735408,45.04766914216744,,,,
1770885720,6962.34,6962.85,6961.59,6961.84,6957.66774999997,,,6970.11,6960.09,,,0,0,0,0,0,0,0,0,0,0,0,0,0,0,0,0,0,0,0,0,6964.792300000015,35.02579564292357,42.87756822431065,,,,
1770885900,6961.84,6963.61,6961.34,6963.61,6957.735849999971,,,6970.11,6960.09,,,0,0,0,0,0,0,0,0,0,0,0,0,0,0,0,0,0,0,0,0,6964.800000000015,48.708115751053946,42.36203929300687,,,,
1770886080,6963.61,6963.86,6962.34,6962.86,6957.79769999997,,,6970.11,6960.09,,,0,0,0,0,0,0,0,0,0,0,0,0,0,0,0,0,0,0,0,0,6964.807600000014,44.11564693715754,40.396807439973145,,,,
1770886260,6962.86,6965.59,6962.09,6965.59,6957.8745499999695,,,6970.11,6960.09,,,0,0,0,0,0,0,0,0,0,0,0,0,0,0,0,0,0,0,0,0,6964.840100000014,60.09398015524826,40.846831074014396,,,,
1770886440,6965.59,6966.61,6964.34,6966.34,6957.950049999969,,,6970.11,6960.09,,,0,0,0,0,0,0,0,0,0,0,0,0,0,0,0,0,0,0,0,0,6964.877500000014,63.44398545107053,42.02557321017986,,,,
1770886620,6966.34,6968.84,6966.34,6966.86,6958.04394999997,,,6970.11,6960.09,,,0,0,0,0,0,0,0,0,0,0,0,0,0,0,0,0,0,0,0,0,6964.922700000014,65.76844792822348,42.98917769194525,,,,
1770886800,6966.86,6968.61,6965.84,6966.86,6958.123449999969,,,6970.11,6960.09,,,0,0,0,0,0,0,0,0,0,0,0,0,0,0,0,0,0,0,0,0,6964.9654000000155,65.76844792822348,44.65114741411242,,,,
1770886980,6966.86,6968.6,6966.6,6966.6,6958.205999999969,,,6970.11,6960.09,,,0,0,0,0,0,0,0,0,0,0,0,0,0,0,0,0,0,0,0,0,6965.003000000014,63.04043464377208,46.325370387598774,,,,
1770887160,6966.6,6968.11,6966.11,6967.46,6958.31149999997,,,6970.11,6960.09,,,0,0,0,0,0,0,0,0,0,0,0,0,0,0,0,0,0,0,0,0,6965.064200000014,68.14013553631955,48.04578981808332,,,,
1770887340,6967.46,6970.09,6967.36,6968.73,6958.42839999997,,,6970.11,6960.09,,,0,0,0,0,0,0,0,0,0,0,0,0,0,0,0,0,0,0,0,0,6965.124300000014,74.25927877999717,50.76385428931581,,,,
1770887520,6968.73,6969.35,6967.84,6968.84,6958.54839999997,,,6970.11,6960.09,,,0,0,0,0,0,0,0,0,0,0,0,0,0,0,0,0,0,0,0,0,6965.184100000014,74.74934536526692,54.27413670020816,,,,
1770887700,6968.84,6969.86,6968.34,6969.35,6958.662149999969,,,6970.11,6960.09,,,0,0,0,0,0,0,0,0,0,0,0,0,0,0,0,0,0,0,0,0,6965.2342000000135,77.1069073843069,57.46066359286833,,,,
1770887880,6969.35,6970.11,6967.59,6967.86,6958.764649999969,,,6970.11,6960.09,,,0,0,0,0,0,0,0,0,0,0,0,0,0,0,0,0,0,0,0,0,6965.264200000013,58.492359028569496,59.725512845677635,,,,
1770888060,6967.86,6968.86,6967.09,6967.84,6958.870849999969,,,6970.11,6960.09,,,0,0,0,0,0,0,0,0,0,0,0,0,0,0,0,0,0,0,0,0,6965.281500000015,58.272061250854875,61.21321012735626,,,,
1770888240,6967.84,6968.72,6967.09,6968.59,6958.99199999997,,,6970.11,6960.09,,,0,0,0,0,0,0,0,0,0,0,0,0,0,0,0,0,0,0,0,0,6965.286300000014,64.17508120325842,63.29530195309446,,,,
1770888420,6968.59,6969.11,6967.35,6967.35,6959.11444999997,,,6970.11,6960.09,,,0,0,0,0,0,0,0,0,0,0,0,0,0,0,0,0,0,0,0,0,6965.281300000014,50.41765548335379,63.41741193397302,,,,
1770888600,6967.35,6968.11,6965.84,6968.1,6959.2506999999705,,,6970.11,6960.09,,,0,0,0,0,0,0,0,0,0,0,0,0,0,0,0,0,0,0,0,0,6965.311400000014,56.93253550269423,64.3329039743685,,,,
1770888780,6968.1,6968.86,6967.6,6968.09,6959.394449999971,,,6970.11,6960.09,,,0,0,0,0,0,0,0,0,0,0,0,0,0,0,0,0,0,0,0,0,6965.343900000014,56.81640704561088,64.0987916093944,,,,
1770888960,6968.09,6970.1,6967.85,6969.1,6959.530749999971,,,6970.11,6960.09,,,0,0,0,0,0,0,0,0,0,0,0,0,0,0,0,0,0,0,0,0,6965.388800000014,65.18438247535028,64.22310568255723,,,,
1770889140,6969.1,6969.11,6967.36,6967.73,6959.655149999971,,,6970.11,6960.09,,,0,0,0,0,0,0,0,0,0,0,0,0,0,0,0,0,0,0,0,0,6965.425200000014,49.88651830981563,63.088682138385245,,,,
1770889320,6967.73,6968.11,6966.84,6966.84,6959.77509999997,,,6970.11,6960.09,,,0,0,0,0,0,0,0,0,0,0,0,0,0,0,0,0,0,0,0,0,6965.457500000014,42.35315015536192,61.41616086889513,,,,
1770889500,6966.84,6967.34,6964.09,6965.35,6959.88014999997,,,6970.11,6960.09,,,0,0,0,0,0,0,0,0,0,0,0,0,0,0,0,0,0,0,0,0,6965.462500000015,32.70638693314818,59.24944317527915,,,,
1770889680,6965.35,6966.86,6964.84,6966.86,6960.0001999999695,,,6970.11,6960.09,,,0,0,0,0,0,0,0,0,0,0,0,0,0,0,0,0,0,0,0,0,6965.475100000014,46.98360422254713,57.73826236715255,,,,
1770889860,6966.86,6967.61,6966.36,6967.11,6960.12584999997,,,6970.11,6960.09,,,0,0,0,0,0,0,0,0,0,0,0,0,0,0,0,0,0,0,0,0,6965.495200000014,49.07072262656846,55.93907978476478,,,,
1770890040,6967.11,6968.36,6967.09,6967.46,6960.252699999971,,,6970.11,6960.09,,,0,0,0,0,0,0,0,0,0,0,0,0,0,0,0,0,0,0,0,0,6965.518700000015,52.147634944964636,54.32467189760033,,,,
1770890220,6967.46,6969.36,6967.46,6968.61,6960.38279999997,,,6970.11,6960.09,,,0,0,0,0,0,0,0,0,0,0,0,0,0,0,0,0,0,0,0,0,6965.553900000015,61.14593808669947,53.18460266205694,,,,
1770890400,6968.61,6969.61,6967.34,6969.6,6960.51149999997,,,6970.11,6960.09,,,0,0,0,0,0,0,0,0,0,0,0,0,0,0,0,0,0,0,0,0,6965.578800000014,67.31823559963973,53.815022417133385,,,,
1770890580,6969.6,6971.36,6969.59,6969.6,6960.63399999997,,,6971.36,6960.09,,,0,0,0,0,0,0,0,0,0,0,0,0,0,0,0,0,0,0,0,0,6965.598700000014,67.31823559963973,54.46117772776087,,,,
1770890760,6969.6,6970.61,6968.85,6968.86,6960.76899999997,,,6971.36,6960.09,,,0,0,0,0,0,0,0,0,0,0,0,0,0,0,0,0,0,0,0,0,6965.6138000000155,57.95192798767745,54.016666783790804,,,,
1770890940,6968.86,6969.36,6965.72,6965.84,6960.89144999997,,,6971.36,6960.09,,,0,0,0,0,0,0,0,0,0,0,0,0,0,0,0,0,0,0,0,0,6965.601100000015,34.859203798834685,52.90534880632515,,,,
1770891120,6965.84,6965.97,6963.85,6964.1,6961.0026499999685,,,6971.36,6960.09,,,0,0,0,0,0,0,0,0,0,0,0,0,0,0,0,0,0,0,0,0,6965.563700000015,27.494674997409163,50.80264448451908,,,,
1770891300,6964.1,6965.36,6963.09,6965.1,6961.115099999969,,,6971.36,6960.09,,,0,0,0,0,0,0,0,0,0,0,0,0,0,0,0,0,0,0,0,0,6965.536100000016,36.4909125611239,49.35082344991286,,,,
1770891480,6965.1,6965.61,6963.46,6963.46,6961.225649999969,,,6971.36,6960.09,,,0,0,0,0,0,0,0,0,0,0,0,0,0,0,0,0,0,0,0,0,6965.482100000016,29.48997696135963,46.80122305605638,,,,
1770891660,6963.46,6963.61,6962.09,6962.59,6961.339399999969,,,6971.36,6960.09,,,0,0,0,0,0,0,0,0,0,0,0,0,0,0,0,0,0,0,0,0,6965.432000000016,26.360014058977157,45.12075846671077,,,,
1770891840,6962.59,6963.09,6961.36,6962.36,6961.448199999969,,,6971.36,6960.09,,,0,0,0,0,0,0,0,0,0,0,0,0,0,0,0,0,0,0,0,0,6965.382000000016,25.52445601426544,43.91870888520389,,,,
1770892020,6962.36,6963.85,6961.59,6962.84,6961.555599999969,,,6971.36,6960.09,,,0,0,0,0,0,0,0,0,0,0,0,0,0,0,0,0,0,0,0,0,6965.3395000000155,30.86047732421963,43.78685819885185,,,,
1770892200,6962.84,6964.86,6962.84,6963.85,6961.660549999969,,,6971.36,6960.09,,,0,0,0,0,0,0,0,0,0,0,0,0,0,0,0,0,0,0,0,0,6965.312100000016,41.20217947376237,43.373899288224365,,,,
1770892380,6963.85,6964.61,6963.09,6963.36,6961.745649999969,,,6971.36,6960.09,,,0,0,0,0,0,0,0,0,0,0,0,0,0,0,0,0,0,0,0,0,6965.284800000015,37.98620186509792,42.58214780526218,,,,
1770892560,6963.36,6963.73,6962.59,6963.35,6961.825599999969,,,6971.36,6960.09,,,0,0,0,0,0,0,0,0,0,0,0,0,0,0,0,0,0,0,0,0,6965.259700000015,37.915738552494666,41.56558377722861,,,,
1770892740,6963.35,6965.34,6963.09,6965.34,6961.918099999969,,,6971.36,6960.09,,,0,0,0,0,0,0,0,0,0,0,0,0,0,0,0,0,0,0,0,0,6965.237200000015,56.604536895777485,41.24119797787705,,,,
1770892920,6965.34,6965.61,6963.61,6963.84,6961.9905499999695,,,6971.36,6960.09,,,0,0,0,0,0,0,0,0,0,0,0,0,0,0,0,0,0,0,0,0,6965.204500000014,44.75661755936051,39.62965383214282,,,,
1770893100,6963.84,6964.61,6963.34,6964.1,6962.069349999969,,,6971.36,6960.09,,,0,0,0,0,0,0,0,0,0,0,0,0,0,0,0,0,0,0,0,0,6965.172100000013,46.99996173663629,38.178348556214004,,,,
1770893280,6964.1,6964.11,6962.73,6963.59,6962.143099999969,,,6971.36,6960.09,,,0,0,0,0,0,0,0,0,0,0,0,0,0,0,0,0,0,0,0,0,6965.129500000014,43.003606008771484,37.11061127200644,,,,
1770893460,6963.59,6964.36,6963.59,6964.1,6962.220649999969,,,6971.36,6960.09,,,0,0,0,0,0,0,0,0,0,0,0,0,0,0,0,0,0,0,0,0,6965.104600000013,48.14740425999725,38.059768447803755,,,,
1770893640,6964.1,6964.36,6963.34,6963.85,6962.295649999969,,,6971.36,6960.09,,,0,0,0,0,0,0,0,0,0,0,0,0,0,0,0,0,0,0,0,0,6965.077000000014,45.78436796577025,39.36617508840097,,,,
1770893820,6963.85,6964.61,6963.84,6964.61,6962.374399999969,,,6971.36,6960.09,,,0,0,0,0,0,0,0,0,0,0,0,0,0,0,0,0,0,0,0,0,6965.047000000013,53.822392304980255,40.604137927247855,,,,
1770894000,6964.61,6965.86,6963.84,6965.86,6962.459449999969,,,6971.36,6960.09,,,0,0,0,0,0,0,0,0,0,0,0,0,0,0,0,0,0,0,0,0,6965.049600000015,64.04986865011199,43.0727016193016,,,,
1770894180,6965.86,6966.36,6963.85,6965.36,6962.54454999997,,,,,,,0,0,0,0,0,0,0,0,0,0,0,0,0,0,0,0,0,0,0,0,6965.049800000015,58.04994595839328,45.336268183545606,,,,
1770894360,6965.36,6965.86,6964.34,6965.6,6962.62954999997,,,,,,,0,0,0,0,0,0,0,0,0,0,0,0,0,0,0,0,0,0,0,0,6965.062200000015,60.140892859742465,47.80887081536539,,,,
1770894540,6965.6,6967.11,6965.6,6966.6,6962.70709999997,,,,,,,0,0,0,0,0,0,0,0,0,0,0,0,0,0,0,0,0,0,0,0,6965.079600000015,67.91496469035599,50.45561991294657,,,,
1770894720,6966.6,6968.11,6966.34,6967.36,6962.790349999969,,,,,,,0,0,0,0,0,0,0,0,0,0,0,0,0,0,0,0,0,0,0,0,6965.087300000015,72.64549867510206,52.70157128447082,,,,
1770894900,6967.36,6968.36,6966.84,6967.85,6962.89784999997,,,,,,,0,0,0,0,0,0,0,0,0,0,0,0,0,0,0,0,0,0,0,0,6965.109800000015,75.37630073086247,55.372292632025435,,,,
1770895080,6967.85,6968.6,6967.59,6968.09,6963.00899999997,,,,,,,0,0,0,0,0,0,0,0,0,0,0,0,0,0,0,0,0,0,0,0,6965.157200000016,76.70517190374562,58.14296644282907,,,,
1770895260,6968.09,6968.35,6966.09,6967.1,6963.10774999997,,,,,,,0,0,0,0,0,0,0,0,0,0,0,0,0,0,0,0,0,0,0,0,6965.201000000016,60.89079836298089,58.449127976200735,,,,
1770895440,6967.1,6967.48,6966.84,6966.86,6963.1890999999705,,,,,,,0,0,0,0,0,0,0,0,0,0,0,0,0,0,0,0,0,0,0,0,6965.231000000016,57.5358290124663,59.36192879427973,,,,
1770895620,6966.86,6969.61,6966.84,6968.85,6963.2727999999715,,,,,,,0,0,0,0,0,0,0,0,0,0,0,0,0,0,0,0,0,0,0,0,6965.280900000016,72.29991608363136,61.169068390493656,,,,
1770895800,6968.85,6969.36,6968.09,6968.1,6963.35034999997,,,,,,,0,0,0,0,0,0,0,0,0,0,0,0,0,0,0,0,0,0,0,0,6965.338300000017,62.71266347293035,62.57685820936216,,,,
1770895980,6968.1,6968.36,6966.59,6966.86,6963.40734999997,,,,,,,0,0,0,0,0,0,0,0,0,0,0,0,0,0,0,0,0,0,0,0,6965.413300000017,49.93928199231254,62.7048494759561,,,,
1770896160,6966.86,6967.11,6965.84,6966.09,6963.447249999971,,,,,,,0,0,0,0,0,0,0,0,0,0,0,0,0,0,0,0,0,0,0,0,6965.475700000017,43.51782410562725,62.54295348594589,,,,
1770896340,6966.09,6966.36,6964.34,6964.59,6963.48659999997,,,,,,,0,0,0,0,0,0,0,0,0,0,0,0,0,0,0,0,0,0,0,0,6965.529500000018,33.67628812069901,61.10394604421151,,,,
1770896520,6964.59,6965.11,6964.34,6964.59,6963.52524999997,,,,,,,0,0,0,0,0,0,0,0,0,0,0,0,0,0,0,0,0,0,0,0,6965.589400000017,33.67628812069901,58.93440457782487,,,,
1770896700,6964.59,6966.09,6964.59,6965.84,6963.57274999997,,,,,,,0,0,0,0,0,0,0,0,0,0,0,0,0,0,0,0,0,0,0,0,6965.659200000018,47.2160228497538,58.16055292720777,,,,
1770896880,6965.84,6968.11,6965.84,6966.84,6963.62899999997,,,,,,,0,0,0,0,0,0,0,0,0,0,0,0,0,0,0,0,0,0,0,0,6965.721600000018,55.66370404564878,57.84075372620107,,,,
1770897060,6966.84,6967.85,6966.34,6967.59,6963.69019999997,,,,,,,0,0,0,0,0,0,0,0,0,0,0,0,0,0,0,0,0,0,0,0,6965.786500000017,61.109781810373036,57.354669234773716,,,,
1770897240,6967.59,6968.61,6966.86,6968.36,6963.75394999997,,,,,,,0,0,0,0,0,0,0,0,0,0,0,0,0,0,0,0,0,0,0,0,6965.861700000018,66.09780536018542,56.886976855136815,,,,
1770897420,6968.36,6969.36,6968.34,6968.86,6963.81899999997,,,,,,,0,0,0,0,0,0,0,0,0,0,0,0,0,0,0,0,0,0,0,0,6965.934400000018,69.10021308535713,56.43868488045786,,,,
1770897600,6968.86,6968.86,6966.85,6966.86,6963.88274999997,,,,,,,0,0,0,0,0,0,0,0,0,0,0,0,0,0,0,0,0,0,0,0,6965.981900000018,48.893365386404255,54.45212727207634,,,,
1770897780,6966.86,6967.09,6965.34,6966.09,6963.93954999997,,,,,,,0,0,0,0,0,0,0,0,0,0,0,0,0,0,0,0,0,0,0,0,6966.001700000018,43.21687322115696,53.18970404766035,,,,
1770897960,6966.09,6966.36,6964.85,6966.09,6963.9875999999695,,,,,,,0,0,0,0,0,0,0,0,0,0,0,0,0,0,0,0,0,0,0,0,6966.0379000000175,43.216873221156966,52.16692149113825,,,,
1770898140,6966.09,6966.86,6964.09,6965.11,6964.03699999997,,,,,,,0,0,0,0,0,0,0,0,0,0,0,0,0,0,0,0,0,0,0,0,6966.065600000018,35.98042678625784,49.572672255611565,,,,
1770898320,6965.11,6967.36,6964.6,6966.86,6964.101999999971,,,,,,,0,0,0,0,0,0,0,0,0,0,0,0,0,0,0,0,0,0,0,0,6966.098200000019,52.53743819277824,48.84587044988642,,,,
1770898500,6966.86,6967.36,6965.59,6966.61,6964.173349999971,,,,,,,0,0,0,0,0,0,0,0,0,0,0,0,0,0,0,0,0,0,0,0,6966.1220000000185,50.36644135998436,48.87638183329154,,,,
1770898680,6966.61,6967.61,6966.34,6967.61,6964.24339999997,,,,,,,0,0,0,0,0,0,0,0,0,0,0,0,0,0,0,0,0,0,0,0,6966.159600000019,58.39043002059339,49.9387108272177,,,,
1770898860,6967.61,6967.61,6966.59,6967.59,6964.314649999969,,,,,,,0,0,0,0,0,0,0,0,0,0,0,0,0,0,0,0,0,0,0,0,6966.1895000000195,58.170998911283974,51.688333026545195,,,,
1770899040,6967.59,6968.1,6966.59,6967.1,6964.37964999997,,,,,,,0,0,0,0,0,0,0,0,0,0,0,0,0,0,0,0,0,0,0,0,6966.191900000019,52.52858312913782,53.03492552714797,,,,
1770899220,6967.1,6968.59,6966.84,6968.11,6964.455999999968,,,,,,,0,0,0,0,0,0,0,0,0,0,0,0,0,0,0,0,0,0,0,0,6966.207000000019,61.50721191174837,54.05572474586187,,,,
1770899400,6968.11,6970.36,6968.09,6968.59,6964.529699999969,,,,,,,0,0,0,0,0,0,0,0,0,0,0,0,0,0,0,0,0,0,0,0,6966.224500000019,65.1607472069228,54.734084971667166,,,,
1770899580,6968.59,6969.36,6967.59,6968.85,6964.61344999997,,,,,,,0,0,0,0,0,0,0,0,0,0,0,0,0,0,0,0,0,0,0,0,6966.239500000021,67.13218754647603,55.164256809960236,,,,
1770899760,6968.85,6970.35,6968.59,6970.11,6964.695949999969,,,,,,,0,0,0,0,0,0,0,0,0,0,0,0,0,0,0,0,0,0,0,0,6966.26450000002,75.09887475809008,55.80719033838199,,,,
1770899940,6970.11,6971.84,6969.35,6971.84,6964.78909999997,,,,,,,0,0,0,0,0,0,0,0,0,0,0,0,0,0,0,0,0,0,0,0,6966.30950000002,82.06314495222142,56.73311404315801,,,,
1770900120,6971.84,6971.84,6968.09,6968.34,6964.86784999997,,,,,,,0,0,0,0,0,0,0,0,0,0,0,0,0,0,0,0,0,0,0,0,6966.334400000021,49.431943870639394,56.77158393488909,,,,
1770900300,6968.34,6968.61,6966.84,6968.09,6964.94284999997,,,,,,,0,0,0,0,0,0,0,0,0,0,0,0,0,0,0,0,0,0,0,0,6966.361900000021,47.84648954135357,57.10227081490314,,,,
1770900480,6968.09,6969.11,6967.84,6968.6,6965.012849999969,,,,,,,0,0,0,0,0,0,0,0,0,0,0,0,0,0,0,0,0,0,0,0,6966.385800000022,51.54527496635054,57.69715665384553,,,,
1770900660,6968.6,6969.36,6966.1,6966.1,6965.07029999997,,,,,,,0,0,0,0,0,0,0,0,0,0,0,0,0,0,0,0,0,0,0,0,6966.390700000022,36.67150775470999,57.74651958016354,,,,
1770900840,6966.1,6966.86,6964.84,6965.61,6965.116549999969,,,,,,,0,0,0,0,0,0,0,0,0,0,0,0,0,0,0,0,0,0,0,0,6966.375800000022,34.40157345583178,56.451100670381656,,,,
1770901020,6965.61,6965.86,6964.84,6965.36,6965.159049999969,,,,,,,0,0,0,0,0,0,0,0,0,0,0,0,0,0,0,0,0,0,0,0,6966.361000000022,33.17909890720193,55.22343335232578,,,,
1770901200,6965.36,6965.36,6963.11,6963.11,6965.182899999969,,,,,6965.36,6963.11,0,0,0,0,0,0,0,0,0,0,0,0,0,0,0,0,0,0,0,0,6966.316000000021,24.163256943784262,52.77863527541084,,,,
1770901380,6963.11,6963.36,6961.84,6962.86,6965.2067499999675,,,,,6965.36,6961.84,0,0,0,0,0,0,0,0,0,0,0,0,0,0,0,0,0,0,0,0,6966.276200000021,23.341077006468893,50.290783710781184,,,,
1770901560,6962.86,6963.35,6960.84,6961.6,6965.226799999968,,,,,6965.36,6960.84,0,0,0,0,0,0,0,0,0,0,0,0,0,0,0,0,0,0,0,0,6966.1986000000215,19.44971248675607,47.92800723632535,,,,
1770901740,6961.6,6963.48,6961.59,6962.6,6965.246799999968,,,,,6965.36,6960.84,0,0,0,0,0,0,0,0,0,0,0,0,0,0,0,0,0,0,0,0,6966.151100000021,30.22130919228553,45.69329989922086,,,,
1770901920,6962.6,6963.11,6959.85,6959.86,6965.255549999968,,,,,6965.36,6959.85,0,0,0,0,0,0,0,0,0,0,0,0,0,0,0,0,0,0,0,0,6966.086300000021,21.17117083124326,42.551187300958034,,,,
1770902100,6959.86,6960.84,6958.6,6960.59,6965.267949999968,,,,,6965.36,6958.6,0,0,0,0,0,0,0,0,0,0,0,0,0,0,0,0,0,0,0,0,6966.021200000021,27.88381711540727,39.74773227016741,,,,
1770902280,6960.59,6961.11,6959.61,6960.11,6965.280549999968,,,,,6965.36,6958.6,0,0,0,0,0,0,0,0,0,0,0,0,0,0,0,0,0,0,0,0,6965.966200000022,26.174021094791755,36.2530998656461,,,,
1770902460,6960.11,6960.85,6959.34,6960.59,6965.295449999969,,,,,6965.36,6958.6,0,0,0,0,0,0,0,0,0,0,0,0,0,0,0,0,0,0,0,0,6965.921000000022,31.102811664824188,32.61307605940344,,,,
1770902640,6960.59,6961.86,6959.6,6961.36,6965.316699999968,,,,,6965.36,6958.6,0,0,0,0,0,0,0,0,0,0,0,0,0,0,0,0,0,0,0,0,6965.878500000022,38.755194483035275,31.850451103146007,,,,
1770902820,6961.36,6963.34,6961.34,6963.21,6965.333549999968,,,,,6965.36,6958.6,0,0,0,0,0,0,0,0,0,0,0,0,0,0,0,0,0,0,0,0,6965.867100000021,53.295708774332844,32.239681048358804,,,,
1770903000,6963.21,6965.61,6961.34,6965.09,6965.35469999997,,,,,6965.61,6958.6,0,0,0,0,0,0,0,0,0,0,0,0,0,0,0,0,0,0,0,0,6965.899600000022,63.554336669940604,33.09747117004382,,,,
1770903180,6965.09,6968.36,6964.84,6967.1,6965.3772499999695,,,,,6968.36,6958.6,0,0,0,0,0,0,0,0,0,0,0,0,0,0,0,0,0,0,0,0,6965.944700000022,71.39226040302813,35.577524930637985,,,,
1770903360,6967.22,6971.86,6967.11,6970.48,6965.417949999969,,,,,6971.86,6958.6,0,0,0,0,0,0,0,0,0,0,0,0,0,0,0,0,0,0,0,0,6966.038400000022,79.88080461483267,38.82604144199519,,,,
1770903540,6970.48,6976.59,6970.11,6976.11,6965.489249999968,,,,,6976.59,6958.6,0,0,0,0,0,0,0,0,0,0,0,0,0,0,0,0,0,0,0,0,6966.176100000022,87.23901663809917,42.68746413705928,,,,
1770903720,6976.11,6976.36,6973.34,6974.09,6965.545449999968,,,,,6976.59,6958.6,0,0,0,0,0,0,0,0,0,0,0,0,0,0,0,0,0,0,0,0,6966.298600000022,75.65662103027512,46.36556157180862,,,,
1770903900,6974.09,6974.61,6972.35,6972.61,6965.594299999968,,,,,6976.59,6958.6,0,0,0,0,0,0,0,0,0,0,0,0,0,0,0,0,0,0,0,0,6966.388600000023,67.94569217934938,49.551605512728656,,,,
1770904080,6972.61,6972.85,6969.84,6969.84,6965.632999999968,,,,,6976.59,6958.6,0,0,0,0,0,0,0,0,0,0,0,0,0,0,0,0,0,0,0,0,6966.458400000023,55.57709511278611,52.13213284315937,,,,
1770904260,6969.84,6971.86,6969.09,6971.86,6965.680599999968,,,,,6976.59,6958.6,0,0,0,0,0,0,0,0,0,0,0,0,0,0,0,0,0,0,0,0,6966.521100000024,61.53439510919497,54.36878183722433,,,,
1770904440,6971.86,6972.1,6970.59,6972.1,6965.7280999999675,,,,,6976.59,6958.6,0,0,0,0,0,0,0,0,0,0,0,0,0,0,0,0,0,0,0,0,6966.578700000024,62.236372117133605,57.30201050050221,,,,
1770904620,6972.1,6973.61,6971.1,6971.61,6965.774449999968,,,,,6976.59,6958.6,0,0,0,0,0,0,0,0,0,0,0,0,0,0,0,0,0,0,0,0,6966.626200000023,59.64370612497919,59.570574001185925,,,,
1770904800,6971.61,6971.86,6968.84,6969.6,6965.8094999999685,,,,,6976.59,6958.6,0,0,0,0,0,0,0,0,0,0,0,0,0,0,0,0,0,0,0,0,6966.653600000022,49.729400682430594,61.253101114588695,,,,
1770904980,6969.6,6969.6,6967.6,6968.6,6965.8382999999685,,,,,6976.59,6958.6,0,0,0,0,0,0,0,0,0,0,0,0,0,0,0,0,0,0,0,0,6966.673600000022,45.353575750746145,62.27101283501169,,,,
1770905160,6968.6,6970.11,6968.34,6969.61,6965.879649999967,,,,,6976.59,6958.6,0,0,0,0,0,0,0,0,0,0,0,0,0,0,0,0,0,0,0,0,6966.695100000023,50.487288740379626,63.10901956767914,,,,
1770905340,6969.61,6970.61,6969.09,6969.09,6965.911499999967,,,,,6976.59,6958.6,0,0,0,0,0,0,0,0,0,0,0,0,0,0,0,0,0,0,0,0,6966.698700000024,47.790539716852805,62.715793206430575,,,,
1770905520,6969.09,6969.59,6966.09,6966.61,6965.9302499999685,,,,,6976.59,6958.6,0,0,0,0,0,0,0,0,0,0,0,0,0,0,0,0,0,0,0,0,6966.676400000022,36.84121078184658,60.807712785852424,,,,
1770905700,6966.61,6966.86,6965.35,6966.59,6965.941499999969,,,,,6976.59,6958.6,0,0,0,0,0,0,0,0,0,0,0,0,0,0,0,0,0,0,0,0,6966.648800000022,36.76196623178431,58.3341203450493,,,,
1770905880,6966.59,6967.86,6966.34,6967.09,6965.952649999968,,,,,6976.59,6958.6,0,0,0,0,0,0,0,0,0,0,0,0,0,0,0,0,0,0,0,0,6966.641100000022,40.49511201095647,55.520856587629574,,,,
1770906060,6967.09,6967.61,6965.34,6965.61,6965.950149999969,,,,,6976.59,6958.6,0,0,0,0,0,0,0,0,0,0,0,0,0,0,0,0,0,0,0,0,6966.618800000021,33.63768503247208,51.69219004437049,,,,
1770906240,6965.61,6967.61,6965.61,6966.61,6965.942649999969,,,,,6976.59,6958.6,0,0,0,0,0,0,0,0,0,0,0,0,0,0,0,0,0,0,0,0,6966.599000000021,41.4530289320612,49.2490763230695,,,,
1770906420,6966.61,6967.09,6965.09,6966.73,6965.9370499999695,,,,,6976.59,6958.6,0,0,0,0,0,0,0,0,0,0,0,0,0,0,0,0,0,0,0,0,6966.592800000022,42.4026645472093,47.424574349345214,,,,
1770906600,6966.73,6974.01,6965.15,6974.01,6965.981649999969,,,,,6976.59,6958.6,0,0,0,0,0,0,0,0,0,0,0,0,0,0,0,0,0,0,0,0,6966.651900000023,73.18584871265064,48.68234246362125,,,,
1770906780,6974.01,6975.01,6969.64,6972.16,6966.018249999969,,,,,6976.59,6958.6,0,0,0,0,0,0,0,0,0,0,0,0,0,0,0,0,0,0,0,0,6966.692600000022,63.17554441168366,48.79956741379901,,,,
1770906960,6972.16,6973.66,6967.89,6970.26,6966.046499999969,,,,,6976.59,6958.6,0,0,0,0,0,0,0,0,0,0,0,0,0,0,0,0,0,0,0,0,6966.704200000023,54.2797160416785,48.23123483698078,,,,
1770907140,6970.26,6977.77,6969.14,6973.65,6966.094299999969,,,,,6977.77,6958.6,0,0,0,0,0,0,0,0,0,0,0,0,0,0,0,0,0,0,0,0,6966.763400000022,64.64315315522813,48.58833819628428,,,,
1770907320,6973.65,6975.65,6964.27,6964.39,6966.098199999969,,,,,6977.77,6958.6,0,0,0,0,0,0,0,0,0,0,0,0,0,0,0,0,0,0,0,0,6966.738900000022,37.531757424889015,47.71707796360274,,,,
1770907500,6964.39,6967.89,6958.26,6961.66,6966.0822499999695,,,,,6977.77,6958.26,0,0,0,0,0,0,0,0,0,0,0,0,0,0,0,0,0,0,0,0,6966.702000000023,32.800198376709474,46.82040815117155,,,,
1770907680,6961.66,6963.15,6954.89,6960.16,6966.055049999969,,,,,6977.77,6954.89,0,0,0,0,0,0,0,0,0,0,0,0,0,0,0,0,0,0,0,0,6966.635000000023,30.347711396175896,45.38186691229986,,,,
1770907860,6960.16,6964.16,6956.89,6959.78,6966.02844999997,,,,,6977.77,6954.89,0,0,0,0,0,0,0,0,0,0,0,0,0,0,0,0,0,0,0,0,6966.561700000023,29.69156247415384,44.08908282353565,,,,
1770908040,6959.78,6963.66,6953.64,6953.78,6965.97179999997,,,,,6977.77,6953.64,0,0,0,0,0,0,0,0,0,0,0,0,0,0,0,0,0,0,0,0,6966.424900000022,21.234313128997997,42.974304419760756,,,,
1770908220,6953.78,6954.4,6947.64,6951.76,6965.90514999997,,,,,6977.77,6947.64,0,0,0,0,0,0,0,0,0,0,0,0,0,0,0,0,0,0,0,0,6966.256400000022,19.0977081165056,41.71257169724085,,,,
1770908400,6952.4,6960.65,6947.64,6957.65,6965.8578499999685,,,,,6977.77,6947.64,0,0,0,0,0,0,0,0,0,0,0,0,0,0,0,0,0,0,0,0,6966.136900000021,39.728246697347664,41.65779560341165,,,,
1770908580,6957.65,6959.14,6950.39,6951.66,6965.7780999999695,,,,,6977.77,6947.64,0,0,0,0,0,0,0,0,0,0,0,0,0,0,0,0,0,0,0,0,6965.957500000022,30.500184311284244,41.43368840904109,,,,
1770908760,6951.66,6956.66,6945.9,6946.4,6965.673349999969,,,,,6977.77,6945.9,0,0,0,0,0,0,0,0,0,0,0,0,0,0,0,0,0,0,0,0,6965.732900000021,24.637315032648644,40.232565987654475,,,,
1770908940,6946.4,6951.9,6945.41,6947.39,6965.57474999997,,,,,6977.77,6945.41,0,0,0,0,0,0,0,0,0,0,0,0,0,0,0,0,0,0,0,0,6965.5484000000215,27.689462931359216,39.181623015093756,,,,
1770909120,6947.39,6957.91,6946.39,6957.9,6965.52504999997,,,,,6977.77,6945.41,0,0,0,0,0,0,0,0,0,0,0,0,0,0,0,0,0,0,0,0,6965.486400000021,51.84456337488118,37.65724549096736,,,,
1770909300,6957.9,6960.16,6954.39,6955.9,6965.46524999997,,,,,6977.77,6945.41,0,0,0,0,0,0,0,0,0,0,0,0,0,0,0,0,0,0,0,0,6965.394400000022,48.26512595669022,36.59221560132498,,,,
1770909480,6955.9,6958.16,6951.89,6954.15,6965.39169999997,,,,,6977.77,6945.41,0,0,0,0,0,0,0,0,0,0,0,0,0,0,0,0,0,0,0,0,6965.301300000022,45.087364827242446,35.93561908600812,,,,
1770909660,6954.15,6961.27,6949.14,6954.66,6965.326999999969,,,,,6977.77,6945.41,0,0,0,0,0,0,0,0,0,0,0,0,0,0,0,0,0,0,0,0,6965.2220000000225,46.289696608928374,34.62465790412957,,,,
1770909840,6954.66,6956.4,6951.14,6954.14,6965.260899999969,,,,,6977.77,6945.41,0,0,0,0,0,0,0,0,0,0,0,0,0,0,0,0,0,0,0,0,6965.139800000023,45.11466450870213,35.16629412440193,,,,
1770910020,6954.14,6957.41,6951.65,6954.89,6965.19989999997,,,,,6977.77,6945.41,0,0,0,0,0,0,0,0,0,0,0,0,0,0,0,0,0,0,0,0,6965.060300000024,47.363000591192915,36.20649428257932,,,,
1770910200,6954.89,6958.66,6948.14,6948.91,6965.111499999969,,,,,6977.77,6945.41,0,0,0,0,0,0,0,0,0,0,0,0,0,0,0,0,0,0,0,0,6964.910900000023,34.294710674008954,36.48842280242454,,,,
1770910380,6948.91,6949.4,6943.39,6943.76,6964.999849999968,,,,,6977.77,6943.39,0,0,0,0,0,0,0,0,0,0,0,0,0,0,0,0,0,0,0,0,6964.714900000024,26.850954815935808,36.285522255408964,,,,
1770910560,6943.76,6943.76,6933.91,6936.16,6964.851349999969,,,,,6977.77,6933.91,0,0,0,0,0,0,0,0,0,0,0,0,0,0,0,0,0,0,0,0,6964.443000000023,19.54650823925266,36.164964763284296,,,,
1770910740,6936.16,6937.16,6929.39,6929.89,6964.662849999969,,,,,6977.77,6929.39,0,0,0,0,0,0,0,0,0,0,0,0,0,0,0,0,0,0,0,0,6964.0885000000235,15.490537531789315,35.90730972151885,,,,
1770910920,6929.89,6933.77,6927.4,6927.64,6964.465499999969,,,,,6977.77,6927.4,0,0,0,0,0,0,0,0,0,0,0,0,0,0,0,0,0,0,0,0,6963.7265000000225,14.252382940265207,34.08760516744153,,,,
1770911100,6927.64,6932.91,6926.64,6931.91,6964.28834999997,,,,,6977.77,6926.64,0,0,0,0,0,0,0,0,0,0,0,0,0,0,0,0,0,0,0,0,6963.404600000023,27.14547444763886,33.847983034324,,,,
1770911280,6931.91,6932.26,6925.77,6925.91,6964.0786499999695,,,,,6977.77,6925.77,0,0,0,0,0,0,0,0,0,0,0,0,0,0,0,0,0,0,0,0,6963.027800000023,21.777472703088662,33.64370858221258,,,,
1770911460,6925.91,6931.76,6924.02,6924.41,6963.867749999971,,,,,6977.77,6924.02,0,0,0,0,0,0,0,0,0,0,0,0,0,0,0,0,0,0,0,0,6962.630900000023,20.5899102360857,33.13659767540733,,,,
1770911640,6924.41,6924.64,6915.39,6916.65,6963.61794999997,,,,,6977.77,6915.39,0,0,0,0,0,0,0,0,0,0,0,0,0,0,0,0,0,0,0,0,6962.158900000022,15.491279791084878,30.539934562279026,,,,
1770911820,6916.65,6918.41,6909.52,6910.15,6963.330649999971,,,,,6977.77,6909.52,0,0,0,0,0,0,0,0,0,0,0,0,0,0,0,0,0,0,0,0,6961.614300000021,12.472950012272122,27.98335056624916,,,,
1770912000,6910.15,6910.91,6904.26,6905.66,6963.03094999997,,,,,6977.77,6904.26,0,0,0,0,0,0,0,0,0,0,0,0,0,0,0,0,0,0,0,0,6961.012300000022,10.780223051561222,25.53284043941479,,,,
1770912180,6905.66,6911.64,6897.89,6897.89,6962.693699999971,,,,,6977.77,6897.89,0,0,0,0,0,0,0,0,0,0,0,0,0,0,0,0,0,0,0,0,6960.337600000023,8.461761168057294,22.83084505078114,,,,
1770912360,6897.89,6898.89,6892.14,6897.66,6962.36019999997,,,,,6977.77,6892.14,0,0,0,0,0,0,0,0,0,0,0,0,0,0,0,0,0,0,0,0,6959.658200000023,8.399377212851448,20.208324529648944,,,,
1770912540,6897.66,6899.01,6887.14,6887.14,6961.971599999972,,,,,6977.77,6887.14,0,0,0,0,0,0,0,0,0,0,0,0,0,0,0,0,0,0,0,0,6958.863600000023,6.027923829457947,17.255819046667877,,,,
1770912720,6887.14,6888.66,6883.9,6886.51,6961.571199999969,,,,,6977.77,6883.9,0,0,0,0,0,0,0,0,0,0,0,0,0,0,0,0,0,0,0,0,6958.055100000022,5.911317166425448,15.2284337961262,,,,
1770912900,6886.51,6888.02,6877.16,6881.65,6961.15144999997,,,,,6977.77,6877.16,0,0,0,0,0,0,0,0,0,0,0,0,0,0,0,0,0,0,0,0,6957.193100000022,5.03476576010199,13.670134577852355,,,,
1770913080,6881.65,6882.9,6870.89,6871.15,6960.69044999997,,,,,6977.77,6870.89,0,0,0,0,0,0,0,0,0,0,0,0,0,0,0,0,0,0,0,0,6956.223700000022,3.6649526538992063,12.53573775032711,,,,
1770913260,6871.15,6877.89,6867.65,6877.65,6960.26509999997,,,,,6977.77,6867.65,0,0,0,0,0,0,0,0,0,0,0,0,0,0,0,0,0,0,0,0,6955.329200000023,19.485667143181402,12.82110415114083,,,,
1770913440,6877.65,6880.15,6866.41,6867.41,6959.782849999969,,,,,6977.77,6866.41,0,0,0,0,0,0,0,0,0,0,0,0,0,0,0,0,0,0,0,0,6954.334700000022,14.967802528980016,12.872205550334744,,,,
1770913620,6867.41,6871.65,6858.91,6859.14,6959.259249999969,,,,,6977.77,6858.91,0,0,0,0,0,0,0,0,0,0,0,0,0,0,0,0,0,0,0,0,6953.237600000022,12.28420526680587,11.810686323132387,,,,
1770913800,6859.14,6872.15,6858.64,6871.4,6958.804449999968,,,,,6977.77,6858.91,0,0,0,0,0,0,0,0,0,0,0,0,0,0,0,0,0,0,0,0,6952.270600000022,33.046097814142584,12.615588116779097,,,,
1770913980,6871.4,6873.66,6866.65,6872.41,6958.369699999969,,,,,,,0,0,0,0,0,0,0,0,0,0,0,0,0,0,0,0,0,0,0,0,6951.326100000021,34.53536821880897,13.611692258402186,,,,
1770914160,6872.41,6881.39,6870.65,6875.14,6957.946149999969,,,,,,,0,0,0,0,0,0,0,0,0,0,0,0,0,0,0,0,0,0,0,0,6950.416600000021,38.82628954363399,15.27847866929855,,,,
1770914340,6875.14,6881.16,6874.01,6879.9,6957.549599999968,,,,,,,0,0,0,0,0,0,0,0,0,0,0,0,0,0,0,0,0,0,0,0,6949.569700000021,46.0231408146784,17.67492086947043,,,,
1770914520,6879.9,6881.66,6870.64,6872.64,6957.119799999969,,,,,,,0,0,0,0,0,0,0,0,0,0,0,0,0,0,0,0,0,0,0,0,6948.650200000021,38.05638214610355,19.623217947652023,,,,
1770914700,6872.64,6876.9,6865.89,6865.89,6956.654949999968,,,,,,,0,0,0,0,0,0,0,0,0,0,0,0,0,0,0,0,0,0,0,0,6947.650700000022,32.04027473785767,21.307397488352052,,,,
1770914880,6865.89,6871.26,6864.14,6866.91,6956.186499999969,,,,,,,0,0,0,0,0,0,0,0,0,0,0,0,0,0,0,0,0,0,0,0,6946.6514000000225,33.88293321196791,23.12765148828894,,,,
1770915060,6866.91,6871.9,6864.9,6866.14,6955.711699999969,,,,,,,0,0,0,0,0,0,0,0,0,0,0,0,0,0,0,0,0,0,0,0,6945.636900000021,33.09268666906743,25.060848833975335,,,,
1770915240,6866.14,6870.64,6862.16,6866.15,6955.238249999969,,,,,,,0,0,0,0,0,0,0,0,0,0,0,0,0,0,0,0,0,0,0,0,6944.614800000022,33.11632178941589,27.00406344990322,,,,
1770915420,6866.15,6870.16,6865.39,6869.64,6954.778499999969,,,,,,,0,0,0,0,0,0,0,0,0,0,0,0,0,0,0,0,0,0,0,0,6943.622600000022,41.526674971709255,29.610628393589455,,,,
1770915600,6869.64,6869.65,6857.14,6867.65,6954.30619999997,,,,,,,0,0,0,0,0,0,0,0,0,0,0,0,0,0,0,0,0,0,0,0,6942.630500000023,38.3210962365732,32.08606722092331,,,,
1770915780,6867.65,6869.65,6860.53,6860.66,6953.78894999997,,,,,,,0,0,0,0,0,0,0,0,0,0,0,0,0,0,0,0,0,0,0,0,6941.576200000022,29.111916074113495,32.7736564302756,,,,
1770915960,6860.66,6871.91,6859.39,6865.39,6953.30354999997,,,,,,,0,0,0,0,0,0,0,0,0,0,0,0,0,0,0,0,0,0,0,0,6940.569200000023,40.41617680591944,34.59139745005699,,,,
1770916140,6865.39,6874.28,6861.16,6861.66,6952.80014999997,,,,,,,0,0,0,0,0,0,0,0,0,0,0,0,0,0,0,0,0,0,0,0,6939.534700000023,35.24529554112749,36.231475326794246,,,,
1770916320,6861.66,6865.89,6859.66,6861.66,6952.29044999997,,,,,,,0,0,0,0,0,0,0,0,0,0,0,0,0,0,0,0,0,0,0,0,6938.482700000022,35.24529554112749,36.38856087872174,,,,
1770916500,6861.66,6864.41,6858.15,6858.9,6951.76379999997,,,,,,,0,0,0,0,0,0,0,0,0,0,0,0,0,0,0,0,0,0,0,0,6937.405600000023,31.22214812691226,36.15190230072912,,,,
1770916680,6858.9,6867.27,6858.14,6866.4,6951.276549999969,,,,,,,0,0,0,0,0,0,0,0,0,0,0,0,0,0,0,0,0,0,0,0,6936.393500000022,49.49783649752897,36.91415565457876,,,,
1770916860,6866.4,6873.65,6864.26,6873.16,6950.819349999969,,,,,,,0,0,0,0,0,0,0,0,0,0,0,0,0,0,0,0,0,0,0,0,6935.449200000023,60.527296124390645,37.95016674812963,,,,
1770917040,6873.16,6873.65,6868.91,6871.52,6950.34264999997,,,,,,,0,0,0,0,0,0,0,0,0,0,0,0,0,0,0,0,0,0,0,0,6934.493400000022,57.00366091115861,39.303543802776424,,,,
1770917220,6871.52,6876.16,6862.16,6864.66,6949.83294999997,,,,,,,0,0,0,0,0,0,0,0,0,0,0,0,0,0,0,0,0,0,0,0,6933.458900000022,44.392019186298285,40.18581126337933,,,,
1770917400,6864.66,6870.01,6862.14,6863.15,6949.31449999997,,,,,,,0,0,0,0,0,0,0,0,0,0,0,0,0,0,0,0,0,0,0,0,6932.4045000000215,42.00544942535955,40.7659909929073,,,,
1770917580,6863.15,6873.16,6863.14,6871.65,6948.835999999969,,,,,,,0,0,0,0,0,0,0,0,0,0,0,0,0,0,0,0,0,0,0,0,6931.432500000022,57.138471269741466,42.48354703581259,,,,
1770917760,6871.65,6879.16,6870.91,6873.9,6948.36744999997,,,,,,,0,0,0,0,0,0,0,0,0,0,0,0,0,0,0,0,0,0,0,0,6930.470400000021,60.33484811108678,44.427727487360514,,,,
1770917940,6873.9,6876.66,6868.64,6872.02,6947.890849999971,,,,,,,0,0,0,0,0,0,0,0,0,0,0,0,0,0,0,0,0,0,0,0,6929.472200000022,56.2459727581107,45.479105900674895,,,,
1770918120,6872.02,6876.91,6871.14,6874.4,6947.433599999971,,,,,,,0,0,0,0,0,0,0,0,0,0,0,0,0,0,0,0,0,0,0,0,6928.532800000021,60.22695622039119,47.043810185233326,,,,
1770918300,6874.4,6877.4,6868.15,6868.91,6946.951449999971,,,,,,,0,0,0,0,0,0,0,0,0,0,0,0,0,0,0,0,0,0,0,0,6927.541000000022,48.38057852868792,48.420143217702936,,,,
1770918480,6868.91,6872.16,6864.39,6866.14,6946.451099999972,,,,,,,0,0,0,0,0,0,0,0,0,0,0,0,0,0,0,0,0,0,0,0,6926.516400000021,43.360161798987754,48.630427860064955,,,,
1770918660,6866.14,6869.14,6859.39,6859.39,6945.919999999972,,,,,,,0,0,0,0,0,0,0,0,0,0,0,0,0,0,0,0,0,0,0,0,6925.449300000021,33.4824432813203,48.50450984150729,,,,
1770918840,6859.39,6863.4,6857.41,6857.65,6945.372749999971,,,,,,,0,0,0,0,0,0,0,0,0,0,0,0,0,0,0,0,0,0,0,0,6924.369700000022,31.335619941559315,48.225247298681,,,,
1770919020,6857.65,6858.16,6852.41,6853.14,6944.804249999971,,,,,,,0,0,0,0,0,0,0,0,0,0,0,0,0,0,0,0,0,0,0,0,6923.247500000021,26.246677050811016,47.86985650753091,,,,
1770919200,6853.14,6858.53,6847.9,6855.41,6944.243249999971,,,,,,,0,0,0,0,0,0,0,0,0,0,0,0,0,0,0,0,0,0,0,0,6922.170500000021,32.66776234061257,46.66770835346545,,,,
1770919380,6855.41,6857.64,6851.4,6857.14,6943.6947499999715,,,,,,,0,0,0,0,0,0,0,0,0,0,0,0,0,0,0,0,0,0,0,0,6921.113300000022,37.50543141129468,45.023289445387164,,,,
1770919560,6857.14,6864.39,6855.01,6856.27,6943.129299999972,,,,,,,0,0,0,0,0,0,0,0,0,0,0,0,0,0,0,0,0,0,0,0,6920.060000000021,35.98839660320563,43.52219913767624,,,,
1770919740,6856.27,6858.66,6854.14,6858.41,6942.584599999972,,,,,,,0,0,0,0,0,0,0,0,0,0,0,0,0,0,0,0,0,0,0,0,6919.01810000002,42.64584180752481,43.39747218204957,,,,
1770919920,6858.41,6858.66,6855.9,6856.39,6942.034849999972,,,,,,,0,0,0,0,0,0,0,0,0,0,0,0,0,0,0,0,0,0,0,0,6917.983400000021,38.26339384007943,43.130182497386706,,,,
1770920100,6856.39,6856.66,6849.9,6849.9,6941.4488499999725,,,,,,,0,0,0,0,0,0,0,0,0,0,0,0,0,0,0,0,0,0,0,0,6916.87650000002,27.62311789990771,41.02194297097001,,,,
1770920280,6849.9,6854.65,6848.39,6853.16,6940.8865999999725,,,,,,,0,0,0,0,0,0,0,0,0,0,0,0,0,0,0,0,0,0,0,0,6915.807000000021,37.76510506467812,39.4098184676551,,,,
1770920460,6853.16,6858.39,6851.14,6858.15,6940.351799999972,,,,,,,0,0,0,0,0,0,0,0,0,0,0,0,0,0,0,0,0,0,0,0,6914.782600000021,50.22155409127059,38.97950284859509,,,,
1770920640,6858.15,6860.66,6854.89,6860.15,6939.824499999972,,,,,,,0,0,0,0,0,0,0,0,0,0,0,0,0,0,0,0,0,0,0,0,6913.7705000000215,54.48168290476872,38.56912618319349,,,,
1770920820,6860.15,6860.65,6846.41,6854.66,6939.276049999972,,,,,,,0,0,0,0,0,0,0,0,0,0,0,0,0,0,0,0,0,0,0,0,6912.685000000021,42.76173135042518,38.167779956174726,,,,
1770921000,6854.66,6855.66,6851.4,6853.16,6938.732649999973,,,,,,,0,0,0,0,0,0,0,0,0,0,0,0,0,0,0,0,0,0,0,0,6911.565700000022,40.01767598283003,37.929030969306325,,,,
1770921180,6853.16,6860.15,6853.16,6858.26,6938.210999999973,,,,,,,0,0,0,0,0,0,0,0,0,0,0,0,0,0,0,0,0,0,0,0,6910.4773000000205,52.18795679799237,39.265139077640036,,,,
1770921360,6858.26,6865.39,6856.51,6863.89,6937.724899999972,,,,,,,0,0,0,0,0,0,0,0,0,0,0,0,0,0,0,0,0,0,0,0,6909.411400000021,62.09345857959957,41.46212755178578,,,,
1770921540,6863.89,6867.39,6862.01,6864.89,6937.237649999972,,,,,,,0,0,0,0,0,0,0,0,0,0,0,0,0,0,0,0,0,0,0,0,6908.299200000021,63.65385838109016,44.134069075377134,,,,
1770921720,6864.89,6872.65,6864.89,6871.9,6936.787949999973,,,,,,,0,0,0,0,0,0,0,0,0,0,0,0,0,0,0,0,0,0,0,0,6907.277300000021,72.80815859917934,47.00124023670334,,,,
1770921900,6871.9,6872.89,6868.89,6871.41,6936.326949999972,,,,,,,0,0,0,0,0,0,0,0,0,0,0,0,0,0,0,0,0,0,0,0,6906.265300000021,71.34280687256549,49.41819562679411,,,,
1770922080,6871.41,6873.66,6867.14,6868.91,6935.857199999973,,,,,,,0,0,0,0,0,0,0,0,0,0,0,0,0,0,0,0,0,0,0,0,6905.25600000002,63.71037851290739,51.398337191772804,,,,
1770922260,6868.91,6875.64,6868.89,6874.65,6935.402499999973,,,,,,,0,0,0,0,0,0,0,0,0,0,0,0,0,0,0,0,0,0,0,0,6904.283900000021,71.79351897835357,53.48031413254629,,,,
1770922440,6874.65,6876.66,6869.91,6870.66,6934.924099999972,,,,,,,0,0,0,0,0,0,0,0,0,0,0,0,0,0,0,0,0,0,0,0,6903.26950000002,60.809164990597345,55.09072635758328,,,,
1770922620,6870.66,6873.91,6866.39,6870.39,6934.441749999973,,,,,,,0,0,0,0,0,0,0,0,0,0,0,0,0,0,0,0,0,0,0,0,6902.257300000022,60.08342406884021,57.40931965536418,,,,
1770922800,6870.39,6872.41,6870.02,6871.91,6933.966999999972,,,,,,,0,0,0,0,0,0,0,0,0,0,0,0,0,0,0,0,0,0,0,0,6901.2804000000215,62.984894673603016,59.210733198858804,,,,